SUMLEV,STATE,COUNTY,PLACE,COUSUB,CONCIT,PRIMGEO_FLAG,FUNCSTAT,NAME,STNAME,ESTIMATESBASE2020,POPESTIMATE2020,POPESTIMATE2021,POPESTIMATE2022,POPESTIMATE2023
040,50,000,00000,00000,00000,0,A,Vermont,Vermont,643077,642936,647093,647110,647464
162,50,000,00400,00000,00000,0,A,Albany village,Vermont,182,181,181,181,178
162,50,000,00850,00000,00000,0,A,Alburgh village,Vermont,595,593,607,611,609
162,50,000,03175,00000,00000,0,A,Barre city,Vermont,8489,8476,8476,8438,8387
162,50,000,03475,00000,00000,0,A,Barton village,Vermont,752,750,746,736,726
162,50,000,04225,00000,00000,0,A,Bellows Falls village,Vermont,2788,2789,2799,2773,2769
162,50,000,10675,00000,00000,0,A,Burlington city,Vermont,44742,44746,44744,44612,44528
162,50,000,11425,00000,00000,0,A,Cambridge village,Vermont,203,202,204,200,197
162,50,000,17425,00000,00000,0,A,Derby Center village,Vermont,649,647,647,640,634
162,50,000,17500,00000,00000,0,A,Derby Line village,Vermont,680,680,679,672,666
162,50,000,24025,00000,00000,0,A,Enosburg Falls village,Vermont,1352,1353,1351,1349,1345
162,50,000,24400,00000,00000,0,A,Essex Junction city,Vermont,10602,10585,10800,10917,10817
162,50,000,34975,00000,00000,0,A,Hyde Park village,Vermont,431,430,430,433,425
162,50,000,36025,00000,00000,0,A,Jacksonville village,Vermont,215,215,215,217,218
162,50,000,36475,00000,00000,0,A,Jeffersonville village,Vermont,780,777,781,769,756
162,50,000,37000,00000,00000,0,A,Johnson village,Vermont,1360,1358,1359,1343,1327
162,50,000,41200,00000,00000,0,A,Ludlow village,Vermont,785,784,793,790,789
162,50,000,41950,00000,00000,0,A,Lyndonville village,Vermont,1175,1176,1191,1206,1211
162,50,000,42700,00000,00000,0,A,Manchester village,Vermont,772,771,777,774,771
162,50,000,43525,00000,00000,0,A,Marshfield village,Vermont,268,268,268,266,265
162,50,000,46000,00000,00000,0,A,Montpelier city,Vermont,8084,8070,8070,8035,7991
162,50,000,46825,00000,00000,0,A,Morrisville village,Vermont,2164,2168,2201,2258,2334
162,50,000,48100,00000,00000,0,A,Newbury village,Vermont,442,442,450,457,458
162,50,000,48325,00000,00000,0,A,Newfane village,Vermont,92,92,93,93,92
162,50,000,48850,00000,00000,0,A,Newport city,Vermont,4453,4447,4441,4389,4336
162,50,000,49075,00000,00000,0,A,North Bennington village,Vermont,1716,1714,1710,1711,1705
162,50,000,52075,00000,00000,0,A,North Troy village,Vermont,610,608,610,606,603
162,50,000,53125,00000,00000,0,A,Old Bennington village,Vermont,134,134,134,133,132
162,50,000,53575,00000,00000,0,A,Orleans village,Vermont,802,800,797,786,773
162,50,000,56800,00000,00000,0,A,Poultney village,Vermont,1095,1095,1100,1095,1098
162,50,000,61225,00000,00000,0,A,Rutland city,Vermont,15815,15785,15822,15692,15630
162,50,000,61675,00000,00000,0,A,St. Albans city,Vermont,6863,6867,6955,6943,6935
162,50,000,62950,00000,00000,0,A,Saxtons River village,Vermont,475,476,476,474,472
162,50,000,66175,00000,00000,0,A,South Burlington city,Vermont,20280,20293,20364,20631,21043
162,50,000,71650,00000,00000,0,A,Swanton village,Vermont,2350,2354,2364,2379,2385
162,50,000,74650,00000,00000,0,A,Vergennes city,Vermont,2555,2555,2567,2565,2566
162,50,000,78025,00000,00000,0,A,Wells River village,Vermont,436,436,444,450,451
162,50,000,79150,00000,00000,0,A,West Burke village,Vermont,278,277,279,279,277
162,50,000,81325,00000,00000,0,A,Westminster village,Vermont,287,286,288,287,288
162,50,000,85150,00000,00000,0,A,Winooski city,Vermont,8000,8044,8366,8330,8251
162,50,000,85900,00000,00000,0,A,Woodstock village,Vermont,937,936,945,941,937
050,50,001,00000,00000,00000,0,A,Addison County,Vermont,37365,37355,37408,37555,37720
157,50,001,74650,00000,00000,0,A,Vergennes city,Vermont,2555,2555,2567,2565,2566
157,50,001,99990,00000,00000,0,S,Balance of Addison County,Vermont,34810,34800,34841,34990,35154
061,50,001,00000,00325,00000,1,A,Addison town,Vermont,1357,1355,1351,1352,1349
061,50,001,00000,08575,00000,1,A,Bridport town,Vermont,1225,1225,1224,1227,1234
061,50,001,00000,09025,00000,1,A,Bristol town,Vermont,3780,3776,3764,3763,3766
061,50,001,00000,16000,00000,1,A,Cornwall town,Vermont,1209,1209,1225,1246,1265
061,50,001,00000,26300,00000,1,A,Ferrisburgh town,Vermont,2645,2642,2641,2647,2664
061,50,001,00000,28600,00000,1,A,Goshen town,Vermont,175,175,177,179,182
061,50,001,00000,29575,00000,1,A,Granville town,Vermont,301,300,300,301,303
061,50,001,00000,31525,00000,1,A,Hancock town,Vermont,357,356,356,356,357
061,50,001,00000,39325,00000,1,A,Leicester town,Vermont,990,991,998,1002,1007
061,50,001,00000,40075,00000,1,A,Lincoln town,Vermont,1331,1331,1332,1344,1359
061,50,001,00000,44350,00000,1,A,Middlebury town,Vermont,9153,9154,9148,9155,9169
061,50,001,00000,45550,00000,1,A,Monkton town,Vermont,2075,2076,2095,2127,2159
061,50,001,00000,48700,00000,1,A,New Haven town,Vermont,1689,1690,1693,1709,1718
061,50,001,00000,53725,00000,1,A,Orwell town,Vermont,1247,1245,1244,1243,1246
061,50,001,00000,53950,00000,1,A,Panton town,Vermont,648,651,662,664,664
061,50,001,00000,59650,00000,1,A,Ripton town,Vermont,737,737,739,744,745
061,50,001,00000,62575,00000,1,A,Salisbury town,Vermont,1222,1220,1215,1216,1228
061,50,001,00000,65050,00000,1,A,Shoreham town,Vermont,1251,1249,1252,1259,1270
061,50,001,00000,70075,00000,1,A,Starksboro town,Vermont,1758,1759,1767,1785,1792
061,50,001,00000,74650,00000,0,F,Vergennes city,Vermont,2555,2555,2567,2565,2566
071,50,001,74650,74650,00000,1,A,Vergennes city,Vermont,2555,2555,2567,2565,2566
061,50,001,00000,76075,00000,1,A,Waltham town,Vermont,447,446,444,449,447
061,50,001,00000,83275,00000,1,A,Weybridge town,Vermont,810,811,811,818,824
061,50,001,00000,83800,00000,1,A,Whiting town,Vermont,403,402,403,404,406
050,50,003,00000,00000,00000,0,A,Bennington County,Vermont,37342,37301,37431,37343,37183
157,50,003,42700,00000,00000,0,A,Manchester village,Vermont,772,771,777,774,771
157,50,003,49075,00000,00000,0,A,North Bennington village,Vermont,1716,1714,1710,1711,1705
157,50,003,53125,00000,00000,0,A,Old Bennington village,Vermont,134,134,134,133,132
157,50,003,99990,00000,00000,0,S,Balance of Bennington County,Vermont,34720,34682,34810,34725,34575
061,50,003,00000,01450,00000,1,A,Arlington town,Vermont,2461,2458,2465,2458,2442
061,50,003,00000,04825,00000,0,A,Bennington town,Vermont,15327,15307,15334,15293,15200
071,50,003,49075,04825,00000,1,A,North Bennington village,Vermont,1716,1714,1710,1711,1705
071,50,003,53125,04825,00000,1,A,Old Bennington village,Vermont,134,134,134,133,132
071,50,003,99990,04825,00000,1,S,Balance of Bennington town,Vermont,13477,13459,13490,13449,13363
061,50,003,00000,17725,00000,1,A,Dorset town,Vermont,2138,2135,2146,2146,2139
061,50,003,00000,27962,00000,1,I,Glastenbury town,Vermont,7,7,7,7,7
061,50,003,00000,39025,00000,1,A,Landgrove town,Vermont,175,175,176,175,174
061,50,003,00000,42850,00000,0,A,Manchester town,Vermont,4480,4477,4500,4493,4481
071,50,003,42700,42850,00000,1,A,Manchester village,Vermont,772,771,777,774,771
071,50,003,99990,42850,00000,1,S,Balance of Manchester town,Vermont,3708,3706,3723,3719,3710
061,50,003,00000,55000,00000,1,A,Peru town,Vermont,527,527,528,526,526
061,50,003,00000,57025,00000,1,A,Pownal town,Vermont,3261,3258,3276,3269,3260
061,50,003,00000,58600,00000,1,A,Readsboro town,Vermont,704,703,705,703,699
061,50,003,00000,61000,00000,1,A,Rupert town,Vermont,695,696,696,696,693
061,50,003,00000,62875,00000,1,A,Sandgate town,Vermont,383,382,384,384,383
061,50,003,00000,63175,00000,1,A,Searsburg town,Vermont,126,126,126,127,126
061,50,003,00000,63550,00000,1,A,Shaftsbury town,Vermont,3597,3594,3616,3607,3610
061,50,003,00000,69775,00000,1,A,Stamford town,Vermont,863,862,868,867,865
061,50,003,00000,71425,00000,1,A,Sunderland town,Vermont,1057,1056,1062,1060,1056
061,50,003,00000,85075,00000,1,A,Winhall town,Vermont,1186,1184,1187,1179,1172
061,50,003,00000,85675,00000,1,A,Woodford town,Vermont,355,354,355,353,350
050,50,005,00000,00000,00000,0,A,Caledonia County,Vermont,30232,30182,30457,30587,30610
157,50,005,41950,00000,00000,0,A,Lyndonville village,Vermont,1175,1176,1191,1206,1211
157,50,005,79150,00000,00000,0,A,West Burke village,Vermont,278,277,279,279,277
157,50,005,99990,00000,00000,0,S,Balance of Caledonia County,Vermont,28779,28729,28987,29102,29122
061,50,005,00000,02875,00000,1,A,Barnet town,Vermont,1660,1658,1673,1680,1671
061,50,005,00000,10450,00000,0,A,Burke town,Vermont,1649,1644,1652,1656,1646
071,50,005,79150,10450,00000,1,A,West Burke village,Vermont,278,277,279,279,277
071,50,005,99990,10450,00000,1,S,Balance of Burke town,Vermont,1371,1367,1373,1377,1369
061,50,005,00000,17125,00000,1,A,Danville town,Vermont,2335,2329,2352,2368,2365
061,50,005,00000,30550,00000,1,A,Groton town,Vermont,986,983,990,994,996
061,50,005,00000,31825,00000,1,A,Hardwick town,Vermont,2918,2913,2962,2972,2975
061,50,005,00000,37900,00000,1,A,Kirby town,Vermont,576,575,582,582,587
061,50,005,00000,41725,00000,0,A,Lyndon town,Vermont,5486,5486,5553,5615,5638
071,50,005,41950,41725,00000,1,A,Lyndonville village,Vermont,1175,1176,1191,1206,1211
071,50,005,99990,41725,00000,1,S,Balance of Lyndon town,Vermont,4311,4310,4362,4409,4427
061,50,005,00000,47725,00000,1,A,Newark town,Vermont,583,583,587,588,585
061,50,005,00000,54400,00000,1,A,Peacham town,Vermont,714,712,719,719,718
061,50,005,00000,61525,00000,1,A,Ryegate town,Vermont,1166,1163,1167,1166,1160
061,50,005,00000,62200,00000,1,A,St. Johnsbury town,Vermont,7355,7337,7376,7392,7403
061,50,005,00000,64075,00000,1,A,Sheffield town,Vermont,683,681,688,690,691
061,50,005,00000,69925,00000,1,A,Stannard town,Vermont,208,207,212,215,215
061,50,005,00000,71575,00000,1,A,Sutton town,Vermont,919,917,927,926,932
061,50,005,00000,75700,00000,1,A,Walden town,Vermont,955,954,962,965,965
061,50,005,00000,77125,00000,1,A,Waterford town,Vermont,1281,1282,1291,1292,1295
061,50,005,00000,83500,00000,1,A,Wheelock town,Vermont,758,758,764,767,768
050,50,007,00000,00000,00000,0,A,Chittenden County,Vermont,168321,168395,169338,169357,169481
157,50,007,10675,00000,00000,0,A,Burlington city,Vermont,44742,44746,44744,44612,44528
157,50,007,24400,00000,00000,0,A,Essex Junction city,Vermont,10602,10585,10800,10917,10817
157,50,007,66175,00000,00000,0,A,South Burlington city,Vermont,20280,20293,20364,20631,21043
157,50,007,85150,00000,00000,0,A,Winooski city,Vermont,8000,8044,8366,8330,8251
157,50,007,99990,00000,00000,0,S,Balance of Chittenden County,Vermont,84697,84727,85064,84867,84842
061,50,007,00000,06550,00000,1,A,Bolton town,Vermont,1294,1294,1293,1287,1288
061,50,007,00000,10300,00000,1,N,Buels gore,Vermont,29,29,29,28,28
061,50,007,00000,10675,00000,0,F,Burlington city,Vermont,44742,44746,44744,44612,44528
071,50,007,10675,10675,00000,1,A,Burlington city,Vermont,44742,44746,44744,44612,44528
061,50,007,00000,13300,00000,1,A,Charlotte town,Vermont,3914,3912,3913,3901,3887
061,50,007,00000,14875,00000,1,A,Colchester town,Vermont,17516,17503,17634,17609,17588
061,50,007,00000,24175,00000,1,A,Essex town,Vermont,11494,11494,11558,11496,11462
061,50,007,00000,24400,00000,0,F,Essex Junction city,Vermont,10602,10585,10800,10917,10817
071,50,007,24400,24400,00000,1,A,Essex Junction city,Vermont,10602,10585,10800,10917,10817
061,50,007,00000,33475,00000,1,A,Hinesburg town,Vermont,4699,4694,4711,4703,4692
061,50,007,00000,34600,00000,1,A,Huntington town,Vermont,1928,1927,1928,1918,1924
061,50,007,00000,36700,00000,1,A,Jericho town,Vermont,5093,5095,5109,5098,5089
061,50,007,00000,45250,00000,1,A,Milton town,Vermont,10727,10740,10737,10694,10735
061,50,007,00000,59275,00000,1,A,Richmond town,Vermont,4162,4158,4147,4137,4127
061,50,007,00000,62050,00000,1,A,St. George town,Vermont,790,791,797,800,808
061,50,007,00000,64300,00000,1,A,Shelburne town,Vermont,7720,7719,7836,7872,7922
061,50,007,00000,66175,00000,0,F,South Burlington city,Vermont,20280,20293,20364,20631,21043
071,50,007,66175,66175,00000,1,A,South Burlington city,Vermont,20280,20293,20364,20631,21043
061,50,007,00000,73975,00000,1,A,Underhill town,Vermont,3149,3146,3149,3139,3113
061,50,007,00000,80350,00000,1,A,Westford town,Vermont,2068,2069,2070,2069,2087
061,50,007,00000,84475,00000,1,A,Williston town,Vermont,10114,10156,10153,10116,10092
061,50,007,00000,85150,00000,0,F,Winooski city,Vermont,8000,8044,8366,8330,8251
071,50,007,85150,85150,00000,1,A,Winooski city,Vermont,8000,8044,8366,8330,8251
050,50,009,00000,00000,00000,0,A,Essex County,Vermont,5920,5920,5970,5997,6010
061,50,009,00000,02125,00000,1,I,Averill town,Vermont,19,19,19,19,19
061,50,009,00000,02162,00000,1,N,Avery's gore,Vermont,0,0,0,0,0
061,50,009,00000,06325,00000,1,A,Bloomfield town,Vermont,217,217,218,217,218
061,50,009,00000,08725,00000,1,A,Brighton town,Vermont,1155,1155,1197,1241,1243
061,50,009,00000,10075,00000,1,A,Brunswick town,Vermont,85,85,85,84,84
061,50,009,00000,11800,00000,1,A,Canaan town,Vermont,898,898,900,896,895
061,50,009,00000,15250,00000,1,A,Concord town,Vermont,1145,1145,1145,1144,1148
061,50,009,00000,21250,00000,1,A,East Haven town,Vermont,272,272,273,272,273
061,50,009,00000,25975,00000,1,I,Ferdinand town,Vermont,19,19,19,19,19
061,50,009,00000,29125,00000,1,A,Granby town,Vermont,74,74,75,75,76
061,50,009,00000,30775,00000,1,A,Guildhall town,Vermont,258,258,258,256,256
061,50,009,00000,39700,00000,1,A,Lemington town,Vermont,89,89,89,88,88
061,50,009,00000,39775,00000,1,I,Lewis town,Vermont,0,0,0,0,0
061,50,009,00000,41425,00000,1,A,Lunenburg town,Vermont,1250,1250,1253,1249,1254
061,50,009,00000,42475,00000,1,A,Maidstone town,Vermont,210,210,210,209,208
061,50,009,00000,52750,00000,1,A,Norton town,Vermont,156,156,156,156,156
061,50,009,00000,75175,00000,1,A,Victory town,Vermont,70,70,70,69,70
061,50,009,00000,76337,00000,1,N,Warner's grant,Vermont,0,0,0,0,0
061,50,009,00000,76562,00000,1,N,Warren's gore,Vermont,3,3,3,3,3
050,50,011,00000,00000,00000,0,A,Franklin County,Vermont,49951,50046,50430,50719,50994
157,50,011,24025,00000,00000,0,A,Enosburg Falls village,Vermont,1352,1353,1351,1349,1345
157,50,011,61675,00000,00000,0,A,St. Albans city,Vermont,6863,6867,6955,6943,6935
157,50,011,71650,00000,00000,0,A,Swanton village,Vermont,2350,2354,2364,2379,2385
157,50,011,99990,00000,00000,0,S,Balance of Franklin County,Vermont,39386,39472,39760,40048,40329
061,50,011,00000,02500,00000,1,A,Bakersfield town,Vermont,1278,1281,1292,1295,1302
061,50,011,00000,05425,00000,1,A,Berkshire town,Vermont,1565,1566,1575,1596,1604
061,50,011,00000,24050,00000,0,A,Enosburgh town,Vermont,2797,2804,2808,2810,2809
071,50,011,24025,24050,00000,1,A,Enosburg Falls village,Vermont,1352,1353,1351,1349,1345
071,50,011,99990,24050,00000,1,F,Balance of Enosburgh town,Vermont,1445,1451,1457,1461,1464
061,50,011,00000,24925,00000,1,A,Fairfax town,Vermont,5016,5045,5134,5217,5329
061,50,011,00000,25225,00000,1,A,Fairfield town,Vermont,1990,1996,2020,2024,2035
061,50,011,00000,26500,00000,1,A,Fletcher town,Vermont,1350,1353,1366,1369,1381
061,50,011,00000,27100,00000,1,A,Franklin town,Vermont,1367,1369,1381,1396,1408
061,50,011,00000,27700,00000,1,A,Georgia town,Vermont,4848,4856,4877,4901,4918
061,50,011,00000,33025,00000,1,A,Highgate town,Vermont,3467,3469,3499,3529,3564
061,50,011,00000,45850,00000,1,A,Montgomery town,Vermont,1185,1189,1204,1213,1224
061,50,011,00000,59125,00000,1,A,Richford town,Vermont,2331,2332,2330,2331,2337
061,50,011,00000,61675,00000,0,F,St. Albans city,Vermont,6863,6867,6955,6943,6935
071,50,011,61675,61675,00000,1,A,St. Albans city,Vermont,6863,6867,6955,6943,6935
061,50,011,00000,61750,00000,1,A,St. Albans town,Vermont,7003,7015,7049,7098,7125
061,50,011,00000,64600,00000,1,A,Sheldon town,Vermont,2141,2145,2152,2163,2170
061,50,011,00000,71725,00000,0,A,Swanton town,Vermont,6750,6759,6788,6834,6853
071,50,011,71650,71725,00000,1,A,Swanton village,Vermont,2350,2354,2364,2379,2385
071,50,011,99990,71725,00000,1,F,Balance of Swanton town,Vermont,4400,4405,4424,4455,4468
050,50,013,00000,00000,00000,0,A,Grand Isle County,Vermont,7291,7276,7428,7490,7467
157,50,013,00850,00000,00000,0,A,Alburgh village,Vermont,595,593,607,611,609
157,50,013,99990,00000,00000,0,S,Balance of Grand Isle County,Vermont,6696,6683,6821,6879,6858
061,50,013,00000,00860,00000,0,A,Alburgh town,Vermont,2108,2103,2147,2162,2157
071,50,013,00850,00860,00000,1,A,Alburgh village,Vermont,595,593,607,611,609
071,50,013,99990,00860,00000,1,F,Balance of Alburgh town,Vermont,1513,1510,1540,1551,1548
061,50,013,00000,29275,00000,1,A,Grand Isle town,Vermont,2082,2078,2119,2146,2135
061,50,013,00000,35875,00000,1,A,Isle La Motte town,Vermont,486,484,495,497,495
061,50,013,00000,50650,00000,1,A,North Hero town,Vermont,939,938,956,964,963
061,50,013,00000,67000,00000,1,A,South Hero town,Vermont,1676,1673,1711,1721,1717
050,50,015,00000,00000,00000,0,A,Lamoille County,Vermont,25945,25924,26149,26103,26060
157,50,015,11425,00000,00000,0,A,Cambridge village,Vermont,203,202,204,200,197
157,50,015,34975,00000,00000,0,A,Hyde Park village,Vermont,431,430,430,433,425
157,50,015,36475,00000,00000,0,A,Jeffersonville village,Vermont,780,777,781,769,756
157,50,015,37000,00000,00000,0,A,Johnson village,Vermont,1360,1358,1359,1343,1327
157,50,015,46825,00000,00000,0,A,Morrisville village,Vermont,2164,2168,2201,2258,2334
157,50,015,99990,00000,00000,0,S,Balance of Lamoille County,Vermont,21007,20989,21174,21100,21021
061,50,015,00000,04375,00000,1,A,Belvidere town,Vermont,356,355,357,350,344
061,50,015,00000,11500,00000,0,A,Cambridge town,Vermont,3824,3815,3827,3766,3703
071,50,015,11425,11500,00000,1,A,Cambridge village,Vermont,203,202,204,200,197
071,50,015,36475,11500,00000,1,A,Jeffersonville village,Vermont,780,777,781,769,756
071,50,015,99990,11500,00000,1,F,Balance of Cambridge town,Vermont,2841,2836,2842,2797,2750
061,50,015,00000,23500,00000,1,A,Eden town,Vermont,1343,1340,1342,1320,1298
061,50,015,00000,23725,00000,1,A,Elmore town,Vermont,882,881,887,883,876
061,50,015,00000,35050,00000,0,A,Hyde Park town,Vermont,3021,3014,3033,3011,2968
071,50,015,34975,35050,00000,1,A,Hyde Park village,Vermont,431,430,430,433,425
071,50,015,99990,35050,00000,1,S,Balance of Hyde Park town,Vermont,2590,2584,2603,2578,2543
061,50,015,00000,37075,00000,0,A,Johnson town,Vermont,3497,3490,3498,3449,3400
071,50,015,37000,37075,00000,1,A,Johnson village,Vermont,1360,1358,1359,1343,1327
071,50,015,99990,37075,00000,1,S,Balance of Johnson town,Vermont,2137,2132,2139,2106,2073
061,50,015,00000,46675,00000,0,A,Morristown town,Vermont,5431,5440,5529,5676,5869
071,50,015,46825,46675,00000,1,A,Morrisville village,Vermont,2164,2168,2201,2258,2334
071,50,015,99990,46675,00000,1,F,Balance of Morristown town,Vermont,3267,3272,3328,3418,3535
061,50,015,00000,70525,00000,1,A,Stowe town,Vermont,5225,5228,5300,5292,5261
061,50,015,00000,77425,00000,1,A,Waterville town,Vermont,694,692,694,683,672
061,50,015,00000,85375,00000,1,A,Wolcott town,Vermont,1672,1669,1682,1673,1669
050,50,017,00000,00000,00000,0,A,Orange County,Vermont,29283,29295,29630,29880,29943
157,50,017,48100,00000,00000,0,A,Newbury village,Vermont,442,442,450,457,458
157,50,017,78025,00000,00000,0,A,Wells River village,Vermont,436,436,444,450,451
157,50,017,99990,00000,00000,0,S,Balance of Orange County,Vermont,28405,28417,28736,28973,29034
061,50,017,00000,07375,00000,1,A,Bradford town,Vermont,2791,2790,2813,2832,2835
061,50,017,00000,07600,00000,1,A,Braintree town,Vermont,1205,1205,1215,1221,1220
061,50,017,00000,09325,00000,1,A,Brookfield town,Vermont,1248,1249,1264,1276,1280
061,50,017,00000,13525,00000,1,A,Chelsea town,Vermont,1231,1232,1246,1256,1261
061,50,017,00000,15700,00000,1,A,Corinth town,Vermont,1457,1458,1476,1487,1494
061,50,017,00000,25675,00000,1,A,Fairlee town,Vermont,987,987,1000,1012,1028
061,50,017,00000,48175,00000,0,A,Newbury town,Vermont,2291,2292,2334,2369,2372
071,50,017,48100,48175,00000,1,A,Newbury village,Vermont,442,442,450,457,458
071,50,017,78025,48175,00000,1,A,Wells River village,Vermont,436,436,444,450,451
071,50,017,99990,48175,00000,1,F,Balance of Newbury town,Vermont,1413,1414,1440,1462,1463
061,50,017,00000,53425,00000,1,A,Orange town,Vermont,1055,1057,1068,1076,1082
061,50,017,00000,58075,00000,1,A,Randolph town,Vermont,4774,4772,4818,4856,4849
061,50,017,00000,70675,00000,1,A,Strafford town,Vermont,1095,1095,1104,1108,1105
061,50,017,00000,72400,00000,1,A,Thetford town,Vermont,2774,2775,2807,2832,2840
061,50,017,00000,73075,00000,1,A,Topsham town,Vermont,1198,1199,1212,1222,1226
061,50,017,00000,73675,00000,1,A,Tunbridge town,Vermont,1342,1343,1358,1369,1373
061,50,017,00000,74950,00000,1,A,Vershire town,Vermont,672,673,681,686,688
061,50,017,00000,76750,00000,1,A,Washington town,Vermont,1028,1030,1050,1059,1058
061,50,017,00000,79975,00000,1,A,West Fairlee town,Vermont,617,617,624,629,631
061,50,017,00000,84175,00000,1,A,Williamstown town,Vermont,3518,3521,3560,3590,3601
050,50,019,00000,00000,00000,0,A,Orleans County,Vermont,27401,27403,27591,27562,27516
157,50,019,00400,00000,00000,0,A,Albany village,Vermont,182,181,181,181,178
157,50,019,03475,00000,00000,0,A,Barton village,Vermont,752,750,746,736,726
157,50,019,17425,00000,00000,0,A,Derby Center village,Vermont,649,647,647,640,634
157,50,019,17500,00000,00000,0,A,Derby Line village,Vermont,680,680,679,672,666
157,50,019,48850,00000,00000,0,A,Newport city,Vermont,4453,4447,4441,4389,4336
157,50,019,52075,00000,00000,0,A,North Troy village,Vermont,610,608,610,606,603
157,50,019,53575,00000,00000,0,A,Orleans village,Vermont,802,800,797,786,773
157,50,019,99990,00000,00000,0,S,Balance of Orleans County,Vermont,19273,19290,19490,19552,19600
061,50,019,00000,00475,00000,0,A,Albany town,Vermont,976,973,974,963,953
071,50,019,00400,00475,00000,1,A,Albany village,Vermont,182,181,181,181,178
071,50,019,99990,00475,00000,1,F,Balance of Albany town,Vermont,794,792,793,782,775
061,50,019,00000,03550,00000,0,A,Barton town,Vermont,2872,2864,2853,2816,2777
071,50,019,03475,03550,00000,1,A,Barton village,Vermont,752,750,746,736,726
071,50,019,53575,03550,00000,1,A,Orleans village,Vermont,802,800,797,786,773
071,50,019,99990,03550,00000,1,F,Balance of Barton town,Vermont,1318,1314,1310,1294,1278
061,50,019,00000,09850,00000,1,A,Brownington town,Vermont,1044,1043,1041,1031,1025
061,50,019,00000,13150,00000,1,A,Charleston town,Vermont,1018,1017,1015,1003,993
061,50,019,00000,16150,00000,1,A,Coventry town,Vermont,1099,1096,1097,1084,1075
061,50,019,00000,16300,00000,1,A,Craftsbury town,Vermont,1338,1336,1335,1322,1314
061,50,019,00000,17350,00000,0,A,Derby town,Vermont,4579,4569,4568,4523,4485
071,50,019,17425,17350,00000,1,A,Derby Center village,Vermont,649,647,647,640,634
071,50,019,17500,17350,00000,1,A,Derby Line village,Vermont,680,680,679,672,666
071,50,019,99990,17350,00000,1,F,Balance of Derby town,Vermont,3250,3242,3242,3211,3185
061,50,019,00000,28075,00000,1,A,Glover town,Vermont,1115,1113,1112,1101,1093
061,50,019,00000,30175,00000,1,A,Greensboro town,Vermont,810,808,804,794,782
061,50,019,00000,33775,00000,1,A,Holland town,Vermont,638,636,637,630,626
061,50,019,00000,35575,00000,1,A,Irasburg town,Vermont,1239,1238,1238,1223,1214
061,50,019,00000,36325,00000,1,A,Jay town,Vermont,551,549,547,540,532
061,50,019,00000,40525,00000,1,A,Lowell town,Vermont,889,886,889,886,881
061,50,019,00000,46450,00000,1,A,Morgan town,Vermont,639,638,636,627,618
061,50,019,00000,48850,00000,0,F,Newport city,Vermont,4453,4447,4441,4389,4336
071,50,019,48850,48850,00000,1,A,Newport city,Vermont,4453,4447,4441,4389,4336
061,50,019,00000,48925,00000,1,A,Newport town,Vermont,1527,1581,1793,2040,2243
061,50,019,00000,73525,00000,0,A,Troy town,Vermont,1730,1727,1731,1720,1710
071,50,019,52075,73525,00000,1,A,North Troy village,Vermont,610,608,610,606,603
071,50,019,99990,73525,00000,1,S,Balance of Troy town,Vermont,1120,1119,1121,1114,1107
061,50,019,00000,80200,00000,1,A,Westfield town,Vermont,530,529,528,523,517
061,50,019,00000,81700,00000,1,A,Westmore town,Vermont,354,353,352,347,342
050,50,021,00000,00000,00000,0,A,Rutland County,Vermont,60574,60484,60728,60353,60271
157,50,021,56800,00000,00000,0,A,Poultney village,Vermont,1095,1095,1100,1095,1098
157,50,021,61225,00000,00000,0,A,Rutland city,Vermont,15815,15785,15822,15692,15630
157,50,021,99990,00000,00000,0,S,Balance of Rutland County,Vermont,43664,43604,43806,43566,43543
061,50,021,00000,05200,00000,1,A,Benson town,Vermont,974,972,973,972,967
061,50,021,00000,07750,00000,1,A,Brandon town,Vermont,4129,4121,4135,4111,4106
061,50,021,00000,11950,00000,1,A,Castleton town,Vermont,4453,4446,4455,4445,4442
061,50,021,00000,14350,00000,1,A,Chittenden town,Vermont,1234,1232,1235,1227,1226
061,50,021,00000,14500,00000,1,A,Clarendon town,Vermont,2399,2397,2412,2404,2407
061,50,021,00000,16825,00000,1,A,Danby town,Vermont,1285,1284,1292,1284,1289
061,50,021,00000,25375,00000,1,A,Fair Haven town,Vermont,2735,2730,2742,2723,2715
061,50,021,00000,34450,00000,1,A,Hubbardton town,Vermont,734,733,738,732,732
061,50,021,00000,35425,00000,1,A,Ira town,Vermont,371,370,373,370,371
061,50,021,00000,37685,00000,1,A,Killington town,Vermont,1413,1410,1417,1409,1412
061,50,021,00000,44125,00000,1,A,Mendon town,Vermont,1158,1158,1169,1169,1166
061,50,021,00000,44800,00000,1,A,Middletown Springs town,Vermont,791,791,796,791,792
061,50,021,00000,47200,00000,1,A,Mount Holly town,Vermont,1392,1391,1399,1391,1394
061,50,021,00000,47425,00000,1,A,Mount Tabor town,Vermont,210,210,212,210,211
061,50,021,00000,54250,00000,1,A,Pawlet town,Vermont,1420,1417,1419,1408,1402
061,50,021,00000,55450,00000,1,A,Pittsfield town,Vermont,503,503,506,503,503
061,50,021,00000,55600,00000,1,A,Pittsford town,Vermont,2883,2878,2894,2881,2884
061,50,021,00000,56875,00000,0,A,Poultney town,Vermont,3027,3023,3037,3018,3017
071,50,021,56800,56875,00000,1,A,Poultney village,Vermont,1095,1095,1100,1095,1098
071,50,021,99990,56875,00000,1,S,Balance of Poultney town,Vermont,1932,1928,1937,1923,1919
061,50,021,00000,57250,00000,1,A,Proctor town,Vermont,1742,1739,1741,1727,1720
061,50,021,00000,61225,00000,0,F,Rutland city,Vermont,15815,15785,15822,15692,15630
071,50,021,61225,61225,00000,1,A,Rutland city,Vermont,15815,15785,15822,15692,15630
061,50,021,00000,61300,00000,1,A,Rutland town,Vermont,3918,3917,3940,3917,3926
061,50,021,00000,65275,00000,1,A,Shrewsbury town,Vermont,1094,1094,1101,1094,1097
061,50,021,00000,71050,00000,1,A,Sudbury town,Vermont,543,542,546,545,545
061,50,021,00000,72925,00000,1,A,Tinmouth town,Vermont,551,550,555,553,555
061,50,021,00000,75925,00000,1,A,Wallingford town,Vermont,2133,2129,2137,2121,2111
061,50,021,00000,77950,00000,1,A,Wells town,Vermont,1211,1210,1218,1210,1213
061,50,021,00000,80875,00000,1,A,West Haven town,Vermont,241,241,243,243,244
061,50,021,00000,82300,00000,1,A,West Rutland town,Vermont,2215,2211,2221,2203,2194
050,50,023,00000,00000,00000,0,A,Washington County,Vermont,59800,59757,60033,60115,60142
157,50,023,03175,00000,00000,0,A,Barre city,Vermont,8489,8476,8476,8438,8387
157,50,023,43525,00000,00000,0,A,Marshfield village,Vermont,268,268,268,266,265
157,50,023,46000,00000,00000,0,A,Montpelier city,Vermont,8084,8070,8070,8035,7991
157,50,023,99990,00000,00000,0,S,Balance of Washington County,Vermont,42959,42943,43219,43376,43499
061,50,023,00000,03175,00000,0,F,Barre city,Vermont,8489,8476,8476,8438,8387
071,50,023,03175,03175,00000,1,A,Barre city,Vermont,8489,8476,8476,8438,8387
061,50,023,00000,03250,00000,1,A,Barre town,Vermont,7921,7923,7990,8015,8037
061,50,023,00000,05650,00000,1,A,Berlin town,Vermont,2852,2852,2879,2893,2902
061,50,023,00000,11125,00000,1,A,Cabot town,Vermont,1439,1438,1452,1459,1468
061,50,023,00000,11350,00000,1,A,Calais town,Vermont,1665,1666,1672,1671,1673
061,50,023,00000,18550,00000,1,A,Duxbury town,Vermont,1414,1414,1427,1433,1442
061,50,023,00000,21925,00000,1,A,East Montpelier town,Vermont,2596,2596,2603,2603,2612
061,50,023,00000,25825,00000,1,A,Fayston town,Vermont,1366,1367,1389,1399,1409
061,50,023,00000,43600,00000,0,A,Marshfield town,Vermont,1583,1581,1579,1572,1569
071,50,023,43525,43600,00000,1,A,Marshfield village,Vermont,268,268,268,266,265
071,50,023,99990,43600,00000,1,F,Balance of Marshfield town,Vermont,1315,1313,1311,1306,1304
061,50,023,00000,44500,00000,1,A,Middlesex town,Vermont,1780,1779,1795,1808,1814
061,50,023,00000,46000,00000,0,F,Montpelier city,Vermont,8084,8070,8070,8035,7991
071,50,023,46000,46000,00000,1,A,Montpelier city,Vermont,8084,8070,8070,8035,7991
061,50,023,00000,46225,00000,1,A,Moretown town,Vermont,1749,1748,1761,1759,1754
061,50,023,00000,50275,00000,1,A,Northfield town,Vermont,5920,5909,5913,5931,5935
061,50,023,00000,55825,00000,1,A,Plainfield town,Vermont,1237,1237,1245,1252,1249
061,50,023,00000,60625,00000,1,A,Roxbury town,Vermont,676,675,678,677,678
061,50,023,00000,75325,00000,1,A,Waitsfield town,Vermont,1837,1835,1848,1856,1875
061,50,023,00000,76525,00000,1,A,Warren town,Vermont,1976,1974,1985,1988,1985
061,50,023,00000,76975,00000,1,A,Waterbury town,Vermont,5325,5326,5373,5429,5458
061,50,023,00000,85525,00000,1,A,Woodbury town,Vermont,926,926,930,931,937
061,50,023,00000,86125,00000,1,A,Worcester town,Vermont,965,965,968,966,967
050,50,025,00000,00000,00000,0,A,Windham County,Vermont,45915,45860,46150,45899,45966
157,50,025,04225,00000,00000,0,A,Bellows Falls village,Vermont,2788,2789,2799,2773,2769
157,50,025,36025,00000,00000,0,A,Jacksonville village,Vermont,215,215,215,217,218
157,50,025,48325,00000,00000,0,A,Newfane village,Vermont,92,92,93,93,92
157,50,025,62950,00000,00000,0,A,Saxtons River village,Vermont,475,476,476,474,472
157,50,025,81325,00000,00000,0,A,Westminster village,Vermont,287,286,288,287,288
157,50,025,99990,00000,00000,0,S,Balance of Windham County,Vermont,42058,42002,42279,42055,42127
061,50,025,00000,01900,00000,1,A,Athens town,Vermont,396,395,398,395,396
061,50,025,00000,07900,00000,1,A,Brattleboro town,Vermont,12187,12166,12220,12123,12110
061,50,025,00000,09475,00000,1,A,Brookline town,Vermont,542,541,545,542,544
061,50,025,00000,17875,00000,1,A,Dover town,Vermont,1800,1799,1823,1825,1839
061,50,025,00000,18325,00000,1,A,Dummerston town,Vermont,1865,1863,1876,1875,1882
061,50,025,00000,28900,00000,1,A,Grafton town,Vermont,643,643,647,642,644
061,50,025,00000,30925,00000,1,A,Guilford town,Vermont,2125,2122,2137,2123,2129
061,50,025,00000,31150,00000,1,A,Halifax town,Vermont,778,776,778,771,767
061,50,025,00000,36175,00000,1,A,Jamaica town,Vermont,999,998,1005,997,1001
061,50,025,00000,40225,00000,1,A,Londonderry town,Vermont,1921,1917,1927,1920,1931
061,50,025,00000,43375,00000,1,A,Marlboro town,Vermont,1725,1725,1734,1750,1766
061,50,025,00000,48400,00000,0,A,Newfane town,Vermont,1646,1643,1663,1656,1656
071,50,025,48325,48400,00000,1,A,Newfane village,Vermont,92,92,93,93,92
071,50,025,99990,48400,00000,1,F,Balance of Newfane town,Vermont,1554,1551,1570,1563,1564
061,50,025,00000,57700,00000,1,A,Putney town,Vermont,2617,2614,2630,2615,2610
061,50,025,00000,60250,00000,0,A,Rockingham town,Vermont,4831,4833,4848,4804,4795
071,50,025,04225,60250,00000,1,A,Bellows Falls village,Vermont,2788,2789,2799,2773,2769
071,50,025,62950,60250,00000,1,A,Saxtons River village,Vermont,475,476,476,474,472
071,50,025,99990,60250,00000,1,F,Balance of Rockingham town,Vermont,1568,1568,1573,1557,1554
061,50,025,00000,65762,00000,1,I,Somerset town,Vermont,4,4,4,4,4
061,50,025,00000,70750,00000,1,A,Stratton town,Vermont,443,442,446,444,445
061,50,025,00000,73300,00000,1,A,Townshend town,Vermont,1290,1289,1299,1291,1295
061,50,025,00000,74800,00000,1,A,Vernon town,Vermont,2183,2180,2198,2185,2193
061,50,025,00000,76225,00000,1,A,Wardsboro town,Vermont,869,867,874,866,867
061,50,025,00000,81400,00000,0,A,Westminster town,Vermont,3007,3002,3023,3005,3008
071,50,025,81325,81400,00000,1,A,Westminster village,Vermont,287,286,288,287,288
071,50,025,99990,81400,00000,1,S,Balance of Westminster town,Vermont,2720,2716,2735,2718,2720
061,50,025,00000,83950,00000,0,A,Whitingham town,Vermont,1340,1339,1348,1349,1356
071,50,025,36025,83950,00000,1,A,Jacksonville village,Vermont,215,215,215,217,218
071,50,025,99990,83950,00000,1,S,Balance of Whitingham town,Vermont,1125,1124,1133,1132,1138
061,50,025,00000,84700,00000,1,A,Wilmington town,Vermont,2253,2251,2272,2264,2274
061,50,025,00000,84850,00000,1,A,Windham town,Vermont,451,451,455,453,454
050,50,027,00000,00000,00000,0,A,Windsor County,Vermont,57737,57738,58350,58150,58101
157,50,027,41200,00000,00000,0,A,Ludlow village,Vermont,785,784,793,790,789
157,50,027,85900,00000,00000,0,A,Woodstock village,Vermont,937,936,945,941,937
157,50,027,99990,00000,00000,0,S,Balance of Windsor County,Vermont,56015,56018,56612,56419,56375
061,50,027,00000,01300,00000,1,A,Andover town,Vermont,566,567,574,576,579
061,50,027,00000,02575,00000,1,A,Baltimore town,Vermont,229,229,231,231,232
061,50,027,00000,02725,00000,1,A,Barnard town,Vermont,992,993,1004,1002,1008
061,50,027,00000,05800,00000,1,A,Bethel town,Vermont,1943,1942,1958,1943,1936
061,50,027,00000,08275,00000,1,A,Bridgewater town,Vermont,908,909,919,916,917
061,50,027,00000,12250,00000,1,A,Cavendish town,Vermont,1389,1390,1407,1402,1404
061,50,027,00000,13675,00000,1,A,Chester town,Vermont,2985,2985,3018,3008,3008
061,50,027,00000,32275,00000,1,A,Hartford town,Vermont,10687,10695,10806,10768,10743
061,50,027,00000,32425,00000,1,A,Hartland town,Vermont,3448,3450,3489,3477,3484
061,50,027,00000,41275,00000,0,A,Ludlow town,Vermont,2172,2170,2194,2186,2183
071,50,027,41200,41275,00000,1,A,Ludlow village,Vermont,785,784,793,790,789
071,50,027,99990,41275,00000,1,F,Balance of Ludlow town,Vermont,1387,1386,1401,1396,1394
061,50,027,00000,52900,00000,1,A,Norwich town,Vermont,3614,3614,3657,3647,3643
061,50,027,00000,56050,00000,1,A,Plymouth town,Vermont,640,640,646,642,649
061,50,027,00000,56350,00000,1,A,Pomfret town,Vermont,912,911,929,938,951
061,50,027,00000,58375,00000,1,A,Reading town,Vermont,687,687,694,691,691
061,50,027,00000,60100,00000,1,A,Rochester town,Vermont,1098,1097,1107,1099,1094
061,50,027,00000,60850,00000,1,A,Royalton town,Vermont,2745,2747,2777,2766,2770
061,50,027,00000,63775,00000,1,A,Sharon town,Vermont,1561,1562,1577,1571,1570
061,50,027,00000,69550,00000,1,A,Springfield town,Vermont,9070,9065,9147,9100,9069
061,50,027,00000,70375,00000,1,A,Stockbridge town,Vermont,716,716,728,730,733
061,50,027,00000,77500,00000,1,A,Weathersfield town,Vermont,2836,2836,2867,2859,2853
061,50,027,00000,82000,00000,1,A,Weston town,Vermont,626,626,633,630,629
061,50,027,00000,83050,00000,1,A,West Windsor town,Vermont,1351,1350,1364,1368,1373
061,50,027,00000,84925,00000,1,A,Windsor town,Vermont,3554,3550,3580,3562,3550
061,50,027,00000,85975,00000,0,A,Woodstock town,Vermont,3008,3007,3044,3038,3032
071,50,027,85900,85975,00000,1,A,Woodstock village,Vermont,937,936,945,941,937
071,50,027,99990,85975,00000,1,S,Balance of Woodstock town,Vermont,2071,2071,2099,2097,2095
