STATEFP,COUNTYFP,COUSUBFP,COUSUBNS,GEOID,GEOIDFQ,NAME,NAMELSAD,LSAD,CLASSFP,MTFCC,FUNCSTAT,ALAND,AWATER,INTPTLAT,INTPTLON
50,025,09475,01462055,5002509475,0600000US5002509475,Brookline,Brookline town,43,T1,G4040,A,33290178,287232,+43.0254559,-072.6112548
50,025,17875,01462083,5002517875,0600000US5002517875,Dover,Dover town,43,T1,G4040,A,92639357,224249,+42.9654896,-072.8471074
50,025,28900,01462105,5002528900,0600000US5002528900,Grafton,Grafton town,43,T1,G4040,A,98773085,259776,+43.1819427,-072.6166994
50,025,30925,01462112,5002530925,0600000US5002530925,Guilford,Guilford town,43,T1,G4040,A,102422834,337542,+42.7739623,-072.6186917
50,025,31150,01462113,5002531150,0600000US5002531150,Halifax,Halifax town,43,T1,G4040,A,102868738,249724,+42.7839966,-072.7481962
50,025,36175,01462126,5002536175,0600000US5002536175,Jamaica,Jamaica town,43,T1,G4040,A,126769896,1387234,+43.1026727,-072.8203105
50,025,43375,01462143,5002543375,0600000US5002543375,Marlboro,Marlboro town,43,T1,G4040,A,104503689,984267,+42.8764781,-072.7377403
50,003,27962,01462102,5000327962,0600000US5000327962,Glastenbury,Glastenbury town,43,T9,G4040,I,115027385,13915,+42.9737188,-073.0753429
50,003,39025,01462131,5000339025,0600000US5000339025,Landgrove,Landgrove town,43,T1,G4040,A,22934584,103716,+43.2646025,-072.8507166
50,003,42850,01462142,5000342850,0600000US5000342850,Manchester,Manchester town,43,T1,G4040,A,108660996,322064,+43.1652229,-073.0630531
50,003,55000,01462172,5000355000,0600000US5000355000,Peru,Peru town,43,T1,G4040,A,96791086,301593,+43.2780777,-072.9345381
50,003,57025,01462179,5000357025,0600000US5000357025,Pownal,Pownal town,43,T1,G4040,A,121146174,671469,+42.7892865,-073.2144581
50,003,58600,01462184,5000358600,0600000US5000358600,Readsboro,Readsboro town,43,T1,G4040,A,93577441,384220,+42.7909426,-072.9726397
50,003,61000,01462192,5000361000,0600000US5000361000,Rupert,Rupert town,43,T1,G4040,A,115890477,97227,+43.2528541,-073.1973476
50,003,63550,01462203,5000363550,0600000US5000363550,Shaftsbury,Shaftsbury town,43,T1,G4040,A,111345105,237624,+42.9787706,-073.2134765
50,005,71575,01462224,5000571575,0600000US5000571575,Sutton,Sutton town,43,T1,G4040,A,99192363,504773,+44.6650706,-072.0359728
50,005,75700,01462238,5000575700,0600000US5000575700,Walden,Walden town,43,T1,G4040,A,100028451,919378,+44.4878264,-072.2249990
50,005,83500,01462259,5000583500,0600000US5000583500,Wheelock,Wheelock town,43,T1,G4040,A,102314218,831858,+44.5611806,-072.1598375
50,021,55600,01462174,5002155600,0600000US5002155600,Pittsford,Pittsford town,43,T1,G4040,A,112113009,658484,+43.7099607,-073.0484586
50,021,57250,01462180,5002157250,0600000US5002157250,Proctor,Proctor town,43,T1,G4040,A,19203742,434438,+43.6528791,-073.0334316
50,021,47425,01462156,5002147425,0600000US5002147425,Mount Tabor,Mount Tabor town,43,T1,G4040,A,114239500,371441,+43.3508069,-072.9216255
50,021,61300,01462194,5002161300,0600000US5002161300,Rutland,Rutland town,43,T1,G4040,A,49353210,456695,+43.6446502,-072.9530419
50,021,80875,01462252,5002180875,0600000US5002180875,West Haven,West Haven town,43,T1,G4040,A,72838833,1675200,+43.6392552,-073.3615947
50,025,65762,01462211,5002565762,0600000US5002565762,Somerset,Somerset town,43,T9,G4040,I,65607721,5895000,+42.9918378,-072.9716373
50,025,70750,01462221,5002570750,0600000US5002570750,Stratton,Stratton town,43,T1,G4040,A,119210165,1907452,+43.0773270,-072.9185279
50,025,73300,01462229,5002573300,0600000US5002573300,Townshend,Townshend town,43,T1,G4040,A,109511616,1162294,+43.0692734,-072.6804597
50,025,83950,01462261,5002583950,0600000US5002583950,Whitingham,Whitingham town,43,T1,G4040,A,95204651,6042643,+42.7805148,-072.8694433
50,025,84700,01462264,5002584700,0600000US5002584700,Wilmington,Wilmington town,43,T1,G4040,A,104766010,5204751,+42.8810199,-072.8655808
50,003,69775,01462215,5000369775,0600000US5000369775,Stamford,Stamford town,43,T1,G4040,A,102255394,300070,+42.8082501,-073.0763307
50,003,71425,01462223,5000371425,0600000US5000371425,Sunderland,Sunderland town,43,T1,G4040,A,117158658,821994,+43.0819464,-073.0667733
50,003,85075,01462267,5000385075,0600000US5000385075,Winhall,Winhall town,43,T1,G4040,A,114093319,1229559,+43.1688795,-072.9727310
50,003,85675,01462271,5000385675,0600000US5000385675,Woodford,Woodford town,43,T1,G4040,A,122653078,436450,+42.9082855,-073.0783031
50,001,62575,01462200,5000162575,0600000US5000162575,Salisbury,Salisbury town,43,T1,G4040,A,74956495,2998466,+43.9254949,-073.1115282
50,009,25975,01462097,5000925975,0600000US5000925975,Ferdinand,Ferdinand town,43,T9,G4040,I,136906364,588881,+44.7277551,-071.7872794
50,011,27700,01462101,5001127700,0600000US5001127700,Georgia,Georgia town,43,T1,G4040,A,101909652,15306110,+44.7224385,-073.1284519
50,023,11125,01462061,5002311125,0600000US5002311125,Cabot,Cabot town,43,T1,G4040,A,96181962,3313053,+44.3887252,-072.2887599
50,027,02725,01462033,5002702725,0600000US5002702725,Barnard,Barnard town,43,T1,G4040,A,124407498,613368,+43.7269868,-072.6332543
50,027,05800,01462043,5002705800,0600000US5002705800,Bethel,Bethel town,43,T1,G4040,A,117835268,685956,+43.8605789,-072.6942381
50,027,08275,01462050,5002708275,0600000US5002708275,Bridgewater,Bridgewater town,43,T1,G4040,A,128160488,352346,+43.6403996,-072.6897453
50,027,12250,01462066,5002712250,0600000US5002712250,Cavendish,Cavendish town,43,T1,G4040,A,102045909,572283,+43.3985356,-072.5999163
50,027,13675,01462070,5002713675,0600000US5002713675,Chester,Chester town,43,T1,G4040,A,144290221,670388,+43.2855766,-072.6297483
50,025,76225,01462241,5002576225,0600000US5002576225,Wardsboro,Wardsboro town,43,T1,G4040,A,75685009,84589,+43.0194784,-072.8121484
50,027,32425,01462117,5002732425,0600000US5002732425,Hartland,Hartland town,43,T1,G4040,A,117145787,812801,+43.5805108,-072.4389109
50,027,41275,01462138,5002741275,0600000US5002741275,Ludlow,Ludlow town,43,T1,G4040,A,90002333,1366176,+43.3953158,-072.7038222
50,027,56050,01462176,5002756050,0600000US5002756050,Plymouth,Plymouth town,43,T1,G4040,A,124771309,1452036,+43.5088472,-072.6936339
50,027,56350,01462177,5002756350,0600000US5002756350,Pomfret,Pomfret town,43,T1,G4040,A,102240236,200425,+43.6996064,-072.5117644
50,027,58375,01462183,5002758375,0600000US5002758375,Reading,Reading town,43,T1,G4040,A,106434498,484148,+43.4964932,-072.5999690
50,027,60850,01462191,5002760850,0600000US5002760850,Royalton,Royalton town,43,T1,G4040,A,104569048,1489673,+43.8145336,-072.5528505
50,027,63775,01462204,5002763775,0600000US5002763775,Sharon,Sharon town,43,T1,G4040,A,103103246,1298458,+43.7875746,-072.4351726
50,009,11800,01462064,5000911800,0600000US5000911800,Canaan,Canaan town,43,T1,G4040,A,85526365,1001721,+44.9913563,-071.5980243
50,009,39700,01462133,5000939700,0600000US5000939700,Lemington,Lemington town,43,T1,G4040,A,91762257,373773,+44.8820056,-071.5802905
50,009,41425,01462139,5000941425,0600000US5000941425,Lunenburg,Lunenburg town,43,T1,G4040,A,116998026,1622981,+44.4709955,-071.7059469
50,009,42475,01462141,5000942475,0600000US5000942475,Maidstone,Maidstone town,43,T1,G4040,A,79498953,3927976,+44.6476156,-071.6319443
50,007,59275,01462186,5000759275,0600000US5000759275,Richmond,Richmond town,43,T1,G4040,A,83853391,1337424,+44.3819717,-072.9796264
50,007,73975,01462232,5000773975,0600000US5000773975,Underhill,Underhill town,43,T1,G4040,A,132646841,189148,+44.5423672,-072.8832262
50,007,80350,01462251,5000780350,0600000US5000780350,Westford,Westford town,43,T1,G4040,A,100806173,542380,+44.6074224,-073.0036416
50,007,85150,01462268,5000785150,0600000US5000785150,Winooski,Winooski city,25,C5,G4040,F,3576484,236698,+44.4955870,-073.1848573
50,007,10300,01462058,5000710300,0600000US5000710300,Buels,Buels gore,31,Z1,G4040,N,12944561,10633,+44.1984151,-072.9477636
50,007,24175,01462091,5000724175,0600000US5000724175,Essex,Essex town,43,T1,G4040,A,88941924,817671,+44.5386232,-073.0502272
50,025,48400,01462159,5002548400,0600000US5002548400,Newfane,Newfane town,43,T1,G4040,A,102981054,697246,+42.9727535,-072.7040391
50,025,60250,01462189,5002560250,0600000US5002560250,Rockingham,Rockingham town,43,T1,G4040,A,107252404,2011206,+43.1704749,-072.5065934
50,025,81400,01462253,5002581400,0600000US5002581400,Westminster,Westminster town,43,T1,G4040,A,116613916,669529,+43.0746825,-072.5080568
50,025,84850,01462265,5002584850,0600000US5002584850,Windham,Windham town,43,T1,G4040,A,67581474,211573,+43.1738019,-072.7013584
50,011,59125,01462185,5001159125,0600000US5001159125,Richford,Richford town,43,T1,G4040,A,111194664,707848,+44.9486514,-072.5991568
50,009,10075,01462057,5000910075,0600000US5000910075,Brunswick,Brunswick town,43,T1,G4040,A,64204673,1369700,+44.7196176,-071.6698227
50,027,01300,01462026,5002701300,0600000US5002701300,Andover,Andover town,43,T1,G4040,A,74720639,149987,+43.2926045,-072.7225388
50,027,02575,01462032,5002702575,0600000US5002702575,Baltimore,Baltimore town,43,T1,G4040,A,12314212,23776,+43.3555969,-072.5593588
50,027,32275,01462116,5002732275,0600000US5002732275,Hartford,Hartford town,43,T1,G4040,A,116836775,2282173,+43.6646844,-072.3861377
50,027,52900,01462166,5002752900,0600000US5002752900,Norwich,Norwich town,43,T1,G4040,A,115239694,666795,+43.7776326,-072.3240068
50,027,60100,01462188,5002760100,0600000US5002760100,Rochester,Rochester town,43,T1,G4040,A,147227716,787378,+43.8794083,-072.8316848
50,011,71725,01462225,5001171725,0600000US5001171725,Swanton,Swanton town,43,T1,G4040,A,124899615,34890371,+44.9096192,-073.1238620
50,011,24925,01462092,5001124925,0600000US5001124925,Fairfax,Fairfax town,43,T1,G4040,A,102923828,1498531,+44.7023587,-072.9977533
50,011,61750,01462197,5001161750,0600000US5001161750,St. Albans,St. Albans town,43,T1,G4040,A,96174593,61378223,+44.8113612,-073.1458957
50,015,35050,01462122,5001535050,0600000US5001535050,Hyde Park,Hyde Park town,43,T1,G4040,A,97566215,3498053,+44.6242619,-072.5704166
50,007,24400,02378306,5000724400,0600000US5000724400,Essex Junction,Essex Junction city,25,C5,G4040,F,11833874,499088,+44.4902875,-073.1141209
50,027,70375,01462218,5002770375,0600000US5002770375,Stockbridge,Stockbridge town,43,T1,G4040,A,118581821,708170,+43.7507975,-072.7609138
50,027,77500,01462247,5002777500,0600000US5002777500,Weathersfield,Weathersfield town,43,T1,G4040,A,112687152,1452148,+43.3921094,-072.4767836
50,027,83050,01462257,5002783050,0600000US5002783050,West Windsor,West Windsor town,43,T1,G4040,A,64025412,236018,+43.4714681,-072.5026184
50,027,84925,01462266,5002784925,0600000US5002784925,Windsor,Windsor town,43,T1,G4040,A,50267370,720120,+43.4753566,-072.4210454
50,027,85975,01462272,5002785975,0600000US5002785975,Woodstock,Woodstock town,43,T1,G4040,A,114095175,734946,+43.5943771,-072.5482791
50,027,69550,01462214,5002769550,0600000US5002769550,Springfield,Springfield town,43,T1,G4040,A,127458768,1097226,+43.2920286,-072.4804181
50,027,82000,01462255,5002782000,0600000US5002782000,Weston,Weston town,43,T1,G4040,A,91611397,509317,+43.3214411,-072.8029029
50,021,07750,01462048,5002107750,0600000US5002107750,Brandon,Brandon town,43,T1,G4040,A,102913147,580731,+43.8053476,-073.0753206
50,021,11950,01462065,5002111950,0600000US5002111950,Castleton,Castleton town,43,T1,G4040,A,100858959,8939647,+43.6527570,-073.1612225
50,023,44500,01462147,5002344500,0600000US5002344500,Middlesex,Middlesex town,43,T1,G4040,A,102280224,789582,+44.3189986,-072.6319489
50,021,14350,01462071,5002114350,0600000US5002114350,Chittenden,Chittenden town,43,T1,G4040,A,188383539,3174076,+43.7776683,-072.8968499
50,021,05200,01462040,5002105200,0600000US5002105200,Benson,Benson town,43,T1,G4040,A,113651207,3971123,+43.7100625,-073.3029764
50,021,44800,01462148,5002144800,0600000US5002144800,Middletown Springs,Middletown Springs town,43,T1,G4040,A,58791398,24301,+43.4872223,-073.1254306
50,021,75925,01462239,5002175925,0600000US5002175925,Wallingford,Wallingford town,43,T1,G4040,A,110092950,1160477,+43.4270940,-072.9499415
50,021,14500,01462072,5002114500,0600000US5002114500,Clarendon,Clarendon town,43,T1,G4040,A,81031834,557196,+43.5320075,-072.9885038
50,021,16825,01462079,5002116825,0600000US5002116825,Danby,Danby town,43,T1,G4040,A,107599269,328278,+43.3383336,-073.0964958
50,021,34450,01462120,5002134450,0600000US5002134450,Hubbardton,Hubbardton town,43,T1,G4040,A,70505640,3531337,+43.7339986,-073.1635128
50,021,35425,01462123,5002135425,0600000US5002135425,Ira,Ira town,43,T1,G4040,A,57660948,17129,+43.5690887,-073.0976747
50,021,37685,01462208,5002137685,0600000US5002137685,Killington,Killington town,43,T1,G4040,A,122587615,702976,+43.6575940,-072.7844065
50,021,44125,01462145,5002144125,0600000US5002144125,Mendon,Mendon town,43,T1,G4040,A,98309766,92196,+43.6245823,-072.9101923
50,021,47200,01462155,5002147200,0600000US5002147200,Mount Holly,Mount Holly town,43,T1,G4040,A,127162742,1177334,+43.4229275,-072.8058280
50,021,54250,01462170,5002154250,0600000US5002154250,Pawlet,Pawlet town,43,T1,G4040,A,110964556,538211,+43.3606692,-073.1863230
50,021,55450,01462173,5002155450,0600000US5002155450,Pittsfield,Pittsfield town,43,T1,G4040,A,53038633,170346,+43.8042305,-072.8368970
50,021,56875,01462178,5002156875,0600000US5002156875,Poultney,Poultney town,43,T1,G4040,A,110223965,2739845,+43.5399354,-073.1891929
50,021,61225,01462193,5002161225,0600000US5002161225,Rutland,Rutland city,25,C5,G4040,F,19562140,302417,+43.6096702,-072.9777884
50,021,65275,01462210,5002165275,0600000US5002165275,Shrewsbury,Shrewsbury town,43,T1,G4040,A,129660709,537225,+43.5234408,-072.8601708
50,015,46675,01462154,5001546675,0600000US5001546675,Morristown,Morristown town,43,T1,G4040,A,131520485,1343856,+44.5469642,-072.6422000
50,009,02125,01462029,5000902125,0600000US5000902125,Averill,Averill town,43,T9,G4040,I,93269918,5318195,+44.9407189,-071.6546237
50,009,02162,01462030,5000902162,0600000US5000902162,Avery's,Avery's gore,31,Z1,G4040,N,47207744,85001,+44.9110502,-071.8183509
50,009,06325,01462044,5000906325,0600000US5000906325,Bloomfield,Bloomfield town,43,T1,G4040,A,104034236,612586,+44.8180930,-071.6287369
50,009,08725,01462052,5000908725,0600000US5000908725,Brighton,Brighton town,43,T1,G4040,A,136927046,3829048,+44.7966333,-071.8699758
50,009,15250,01462074,5000915250,0600000US5000915250,Concord,Concord town,43,T1,G4040,A,132826613,5657915,+44.4390845,-071.8261040
50,009,21250,01462086,5000921250,0600000US5000921250,East Haven,East Haven town,43,T1,G4040,A,96484367,116093,+44.6637584,-071.8051796
50,009,29125,01462106,5000929125,0600000US5000929125,Granby,Granby town,43,T1,G4040,A,100282642,240204,+44.5987290,-071.7471732
50,015,85375,01462269,5001585375,0600000US5001585375,Wolcott,Wolcott town,43,T1,G4040,A,100873611,925897,+44.5730330,-072.4466499
50,015,04375,01462038,5001504375,0600000US5001504375,Belvidere,Belvidere town,43,T1,G4040,A,92206005,138864,+44.7725189,-072.6903914
50,015,11500,01462063,5001511500,0600000US5001511500,Cambridge,Cambridge town,43,T1,G4040,A,163019447,1342592,+44.6265471,-072.8153714
50,009,30775,01462111,5000930775,0600000US5000930775,Guildhall,Guildhall town,43,T1,G4040,A,85391281,76269,+44.5407127,-071.6100731
50,009,39775,01462134,5000939775,0600000US5000939775,Lewis,Lewis town,43,T9,G4040,I,100713120,332299,+44.8703006,-071.7370282
50,009,52750,01462165,5000952750,0600000US5000952750,Norton,Norton town,43,T1,G4040,A,99428306,1047358,+44.9772950,-071.8043380
50,009,75175,01462236,5000975175,0600000US5000975175,Victory,Victory town,43,T1,G4040,A,111250313,328518,+44.5587869,-071.8169167
50,009,76562,01462276,5000976562,0600000US5000976562,Warren's,Warren's gore,31,Z1,G4040,N,24532186,2159972,+44.9205220,-071.8602353
50,009,76337,01460374,5000976337,0600000US5000976337,Warner's,Warner's grant,32,Z1,G4040,N,8286161,0,+44.9209455,-071.9062969
50,015,23500,01462088,5001523500,0600000US5001523500,Eden,Eden town,43,T1,G4040,A,162970287,2552928,+44.7144313,-072.5394153
50,015,23725,01462089,5001523725,0600000US5001523725,Elmore,Elmore town,43,T1,G4040,A,100826320,1416251,+44.4880711,-072.5142868
50,015,37075,01462129,5001537075,0600000US5001537075,Johnson,Johnson town,43,T1,G4040,A,117378144,975830,+44.6481239,-072.6888397
50,015,70525,01462219,5001570525,0600000US5001570525,Stowe,Stowe town,43,T1,G4040,A,187660671,432400,+44.4918064,-072.7126105
50,015,77425,01462246,5001577425,0600000US5001577425,Waterville,Waterville town,43,T1,G4040,A,40622774,118129,+44.7379173,-072.7623223
50,013,00860,01462025,5001300860,0600000US5001300860,Alburgh,Alburgh town,43,T1,G4040,A,75373353,47562250,+44.9578823,-073.2919738
50,013,29275,01462107,5001329275,0600000US5001329275,Grand Isle,Grand Isle town,43,T1,G4040,A,42510685,48160415,+44.7162872,-073.2996266
50,013,35875,01462125,5001335875,0600000US5001335875,Isle La Motte,Isle La Motte town,43,T1,G4040,A,20421053,27261134,+44.8713248,-073.3491998
50,013,50650,01462164,5001350650,0600000US5001350650,North Hero,North Hero town,43,T1,G4040,A,34846768,84299391,+44.8350813,-073.2256575
50,013,67000,01462213,5001367000,0600000US5001367000,South Hero,South Hero town,43,T1,G4040,A,38630491,81671658,+44.6270923,-073.3092261
50,003,01450,01462027,5000301450,0600000US5000301450,Arlington,Arlington town,43,T1,G4040,A,108847991,491791,+43.0623448,-073.2223388
50,003,62875,01462201,5000362875,0600000US5000362875,Sandgate,Sandgate town,43,T1,G4040,A,109417261,171503,+43.1847019,-073.1803076
50,007,14875,01462073,5000714875,0600000US5000714875,Colchester,Colchester town,43,T1,G4040,A,94016198,62118204,+44.5541498,-073.2254870
50,007,62050,01462198,5000762050,0600000US5000762050,St. George,St. George town,43,T1,G4040,A,9505929,8797,+44.3763432,-073.1209850
50,019,81700,01462254,5001981700,0600000US5001981700,Westmore,Westmore town,43,T1,G4040,A,89218126,8105123,+44.7660317,-071.9971124
50,019,80200,01462250,5001980200,0600000US5001980200,Westfield,Westfield town,43,T1,G4040,A,103368989,273484,+44.8834766,-072.4849269
50,001,28600,01462104,5000128600,0600000US5000128600,Goshen,Goshen town,43,T1,G4040,A,53303535,419568,+43.8647474,-072.9901123
50,001,09025,01462053,5000109025,0600000US5000109025,Bristol,Bristol town,43,T1,G4040,A,105018080,1711027,+44.0982396,-073.0491819
50,019,36325,01462127,5001936325,0600000US5001936325,Jay,Jay town,43,T1,G4040,A,87840666,125582,+44.9569361,-072.5074566
50,019,03550,01462037,5001903550,0600000US5001903550,Barton,Barton town,43,T1,G4040,A,110681933,4208357,+44.7702278,-072.1497330
50,019,28075,01462103,5001928075,0600000US5001928075,Glover,Glover town,43,T1,G4040,A,97274448,2522919,+44.6787090,-072.2333825
50,019,00475,01462024,5001900475,0600000US5001900475,Albany,Albany town,43,T1,G4040,A,99830311,1135549,+44.7360043,-072.3359675
50,019,09850,01462056,5001909850,0600000US5001909850,Brownington,Brownington town,43,T1,G4040,A,72730870,722634,+44.8291789,-072.1276035
50,019,13150,01462067,5001913150,0600000US5001913150,Charleston,Charleston town,43,T1,G4040,A,96102891,3703014,+44.8709824,-072.0250245
50,019,16150,01462077,5001916150,0600000US5001916150,Coventry,Coventry town,43,T1,G4040,A,69986513,2043724,+44.8881264,-072.2341924
50,019,16300,01462078,5001916300,0600000US5001916300,Craftsbury,Craftsbury town,43,T1,G4040,A,101009278,1443997,+44.6480820,-072.3894097
50,019,30175,01462109,5001930175,0600000US5001930175,Greensboro,Greensboro town,43,T1,G4040,A,97906517,4533332,+44.6020080,-072.2847628
50,019,33775,01462277,5001933775,0600000US5001933775,Holland,Holland town,43,T1,G4040,A,98241076,1906159,+44.9721002,-071.9869694
50,007,06550,01462045,5000706550,0600000US5000706550,Bolton,Bolton town,43,T1,G4040,A,108170249,715843,+44.3998598,-072.8773967
50,019,35575,01462124,5001935575,0600000US5001935575,Irasburg,Irasburg town,43,T1,G4040,A,104302251,693339,+44.8194207,-072.2831213
50,019,40525,01462137,5001940525,0600000US5001940525,Lowell,Lowell town,43,T1,G4040,A,146401788,207612,+44.7934371,-072.4584514
50,019,46450,01462275,5001946450,0600000US5001946450,Morgan,Morgan town,43,T1,G4040,A,80822256,7556815,+44.8961276,-071.9412429
50,019,48850,01462161,5001948850,0600000US5001948850,Newport,Newport city,25,C5,G4040,F,15171890,4574098,+44.9366893,-072.2095579
50,019,48925,01462162,5001948925,0600000US5001948925,Newport,Newport town,43,T1,G4040,A,107555208,5165883,+44.9321187,-072.3001309
50,019,73525,01462230,5001973525,0600000US5001973525,Troy,Troy town,43,T1,G4040,A,93570425,824333,+44.9316643,-072.3849151
50,007,13300,01462068,5000713300,0600000US5000713300,Charlotte,Charlotte town,43,T1,G4040,A,106841378,23596626,+44.3057370,-073.2355534
50,007,33475,01462119,5000733475,0600000US5000733475,Hinesburg,Hinesburg town,43,T1,G4040,A,101781959,1003618,+44.3319930,-073.0859456
50,007,34600,01462121,5000734600,0600000US5000734600,Huntington,Huntington town,43,T1,G4040,A,99009762,253634,+44.3125390,-072.9521082
50,007,36700,01462128,5000736700,0600000US5000736700,Jericho,Jericho town,43,T1,G4040,A,91829001,410210,+44.4644544,-072.9631555
50,001,08575,01462051,5000108575,0600000US5000108575,Bridport,Bridport town,43,T1,G4040,A,113158876,6686784,+43.9817242,-073.3319365
50,001,26300,01462098,5000126300,0600000US5000126300,Ferrisburgh,Ferrisburgh town,43,T1,G4040,A,122981523,35540139,+44.2031331,-073.2791964
50,001,53725,01462168,5000153725,0600000US5000153725,Orwell,Orwell town,43,T1,G4040,A,122300017,6477287,+43.8090987,-073.2779922
50,001,39325,01462132,5000139325,0600000US5000139325,Leicester,Leicester town,43,T1,G4040,A,53966710,2413324,+43.8745281,-073.0997492
50,001,48700,01462160,5000148700,0600000US5000148700,New Haven,New Haven town,43,T1,G4040,A,106590692,907385,+44.1049809,-073.1657575
50,017,13525,01462069,5001713525,0600000US5001713525,Chelsea,Chelsea town,43,T1,G4040,A,103731778,123968,+43.9911583,-072.4572918
50,017,48175,01462158,5001748175,0600000US5001748175,Newbury,Newbury town,43,T1,G4040,A,165884242,1351644,+44.1193206,-072.1174340
50,005,61525,01462195,5000561525,0600000US5000561525,Ryegate,Ryegate town,43,T1,G4040,A,94703073,758583,+44.2222488,-072.1109091
50,005,77125,01462245,5000577125,0600000US5000577125,Waterford,Waterford town,43,T1,G4040,A,99155685,3639175,+44.3628571,-071.9342681
50,005,17125,01462080,5000517125,0600000US5000517125,Danville,Danville town,43,T1,G4040,A,156995401,1064232,+44.4375039,-072.1248218
50,005,02875,01462034,5000502875,0600000US5000502875,Barnet,Barnet town,43,T1,G4040,A,109623097,3396995,+44.3126302,-072.0667786
50,007,10675,01462060,5000710675,0600000US5000710675,Burlington,Burlington city,25,C5,G4040,F,26684549,13079229,+44.4919270,-073.2388823
50,007,64300,01462206,5000764300,0600000US5000764300,Shelburne,Shelburne town,43,T1,G4040,A,62874422,49260125,+44.3892883,-073.2435023
50,007,66175,01462212,5000766175,0600000US5000766175,South Burlington,South Burlington city,25,C5,G4040,F,42565245,37303579,+44.4364688,-073.1826228
50,007,84475,01462263,5000784475,0600000US5000784475,Williston,Williston town,43,T1,G4040,A,78942811,1391505,+44.4291659,-073.0963101
50,023,03250,01462036,5002303250,0600000US5002303250,Barre,Barre town,43,T1,G4040,A,79183873,393130,+44.1829932,-072.4750500
50,023,46225,01462153,5002346225,0600000US5002346225,Moretown,Moretown town,43,T1,G4040,A,102857700,925865,+44.2565994,-072.7106675
50,023,05650,01462042,5002305650,0600000US5002305650,Berlin,Berlin town,43,T1,G4040,A,93344938,1764962,+44.2044832,-072.6075913
50,023,55825,01462175,5002355825,0600000US5002355825,Plainfield,Plainfield town,43,T1,G4040,A,54396776,215996,+44.2523750,-072.4165592
50,023,11350,01462062,5002311350,0600000US5002311350,Calais,Calais town,43,T1,G4040,A,98239517,1615483,+44.3616211,-072.4658304
50,023,03175,01462035,5002303175,0600000US5002303175,Barre,Barre city,25,C5,G4040,F,10327563,83567,+44.1990877,-072.5079788
50,023,21925,01462087,5002321925,0600000US5002321925,East Montpelier,East Montpelier town,43,T1,G4040,A,82227291,659922,+44.2961230,-072.5069208
50,023,25825,01462096,5002325825,0600000US5002325825,Fayston,Fayston town,43,T1,G4040,A,94551006,22418,+44.2221472,-072.8852376
50,023,43600,01462144,5002343600,0600000US5002343600,Marshfield,Marshfield town,43,T1,G4040,A,112174794,1093674,+44.2959469,-072.3461850
50,023,46000,01462152,5002346000,0600000US5002346000,Montpelier,Montpelier city,25,C5,G4040,F,26048126,504949,+44.2664485,-072.5715237
50,023,50275,01462163,5002350275,0600000US5002350275,Northfield,Northfield town,43,T1,G4040,A,115595913,334771,+44.1476160,-072.6912290
50,023,60625,01462190,5002360625,0600000US5002360625,Roxbury,Roxbury town,43,T1,G4040,A,108000616,124100,+44.0651077,-072.7296247
50,023,75325,01462237,5002375325,0600000US5002375325,Waitsfield,Waitsfield town,43,T1,G4040,A,66688119,460997,+44.1807542,-072.7970655
50,019,17350,01462081,5001917350,0600000US5001917350,Derby,Derby town,43,T1,G4040,A,126865268,21662934,+44.9516962,-072.1363029
50,023,76525,01462242,5002376525,0600000US5002376525,Warren,Warren town,43,T1,G4040,A,103815929,130707,+44.1125264,-072.8740304
50,023,85525,01462270,5002385525,0600000US5002385525,Woodbury,Woodbury town,43,T1,G4040,A,97701026,4098049,+44.4580851,-072.3791292
50,023,86125,01462273,5002386125,0600000US5002386125,Worcester,Worcester town,43,T1,G4040,A,99860093,445145,+44.4247137,-072.5953739
50,021,71050,01462222,5002171050,0600000US5002171050,Sudbury,Sudbury town,43,T1,G4040,A,55409219,1943172,+43.7982284,-073.1742733
50,021,72925,01462227,5002172925,0600000US5002172925,Tinmouth,Tinmouth town,43,T1,G4040,A,74050391,429892,+43.4421556,-073.0670737
50,021,77950,01462248,5002177950,0600000US5002177950,Wells,Wells town,43,T1,G4040,A,57867586,2263889,+43.4428209,-073.1910655
50,021,82300,01462256,5002182300,0600000US5002182300,West Rutland,West Rutland town,43,T1,G4040,A,46692437,139667,+43.6123987,-073.0603041
50,021,25375,01462094,5002125375,0600000US5002125375,Fair Haven,Fair Haven town,43,T1,G4040,A,45347090,1843177,+43.6206053,-073.2603553
50,023,76975,01462244,5002376975,0600000US5002376975,Waterbury,Waterbury town,43,T1,G4040,A,124716290,4012574,+44.3881732,-072.7395817
50,001,16000,01462076,5000116000,0600000US5000116000,Cornwall,Cornwall town,43,T1,G4040,A,73990774,439832,+43.9629183,-073.2177012
50,001,29575,01462108,5000129575,0600000US5000129575,Granville,Granville town,43,T1,G4040,A,131792676,253918,+44.0052914,-072.8413144
50,001,31525,01462114,5000131525,0600000US5000131525,Hancock,Hancock town,43,T1,G4040,A,99657749,278253,+43.9054040,-072.9182359
50,001,44350,01462146,5000144350,0600000US5000144350,Middlebury,Middlebury town,43,T1,G4040,A,101608654,1021344,+44.0018997,-073.1190475
50,001,45550,01462150,5000145550,0600000US5000145550,Monkton,Monkton town,43,T1,G4040,A,92963472,973113,+44.2270403,-073.1317208
50,023,18550,01462085,5002318550,0600000US5002318550,Duxbury,Duxbury town,43,T1,G4040,A,111285311,528987,+44.2991838,-072.8472315
50,001,53950,01462169,5000153950,0600000US5000153950,Panton,Panton town,43,T1,G4040,A,40092401,16973162,+44.1304184,-073.3401912
50,001,59650,01462187,5000159650,0600000US5000159650,Ripton,Ripton town,43,T1,G4040,A,127650280,421512,+43.9849365,-072.9967754
50,001,65050,01462209,5000165050,0600000US5000165050,Shoreham,Shoreham town,43,T1,G4040,A,111950012,7645403,+43.8992426,-073.3153144
50,001,70075,01462217,5000170075,0600000US5000170075,Starksboro,Starksboro town,43,T1,G4040,A,117485652,494698,+44.2103324,-072.9933729
50,001,74650,01462233,5000174650,0600000US5000174650,Vergennes,Vergennes city,25,C5,G4040,F,6359939,199983,+44.1676604,-073.2553163
50,001,76075,01462240,5000176075,0600000US5000176075,Waltham,Waltham town,43,T1,G4040,A,23610483,305013,+44.1238967,-073.2293650
50,001,00325,01462023,5000100325,0600000US5000100325,Addison,Addison town,43,T1,G4040,A,107710362,19168382,+44.0585392,-073.3323146
50,001,83275,01462258,5000183275,0600000US5000183275,Weybridge,Weybridge town,43,T1,G4040,A,44282021,1217222,+44.0403287,-073.2227845
50,007,45250,01462149,5000745250,0600000US5000745250,Milton,Milton town,43,T1,G4040,A,133608687,24296867,+44.6459082,-073.1592206
50,001,40075,01462135,5000140075,0600000US5000140075,Lincoln,Lincoln town,43,T1,G4040,A,118130903,493295,+44.0929248,-072.9735212
50,001,83800,01462260,5000183800,0600000US5000183800,Whiting,Whiting town,43,T1,G4040,A,35227609,271962,+43.8763970,-073.2125727
50,011,02500,01462031,5001102500,0600000US5001102500,Bakersfield,Bakersfield town,43,T1,G4040,A,108990793,256695,+44.7895812,-072.7847373
50,005,69925,01462216,5000569925,0600000US5000569925,Stannard,Stannard town,43,T1,G4040,A,32742771,224817,+44.5254544,-072.1813054
50,011,05425,01462041,5001105425,0600000US5001105425,Berkshire,Berkshire town,43,T1,G4040,A,107977139,569265,+44.9719337,-072.7428413
50,011,24050,01462090,5001124050,0600000US5001124050,Enosburgh,Enosburgh town,43,T1,G4040,A,123278559,1267409,+44.8778150,-072.7507619
50,011,25225,01462093,5001125225,0600000US5001125225,Fairfield,Fairfield town,43,T1,G4040,A,174333510,2794673,+44.8083126,-072.9280479
50,011,26500,01462099,5001126500,0600000US5001126500,Fletcher,Fletcher town,43,T1,G4040,A,99319293,668308,+44.7126159,-072.9004565
50,011,27100,01462100,5001127100,0600000US5001127100,Franklin,Franklin town,43,T1,G4040,A,99934777,5903159,+44.9767688,-072.9017200
50,011,45850,01462151,5001145850,0600000US5001145850,Montgomery,Montgomery town,43,T1,G4040,A,145942558,201709,+44.8600920,-072.6052451
50,011,61675,01462196,5001161675,0600000US5001161675,St. Albans,St. Albans city,25,C5,G4040,F,5064444,4268,+44.8115382,-073.0844618
50,011,64600,01462207,5001164600,0600000US5001164600,Sheldon,Sheldon town,43,T1,G4040,A,100080746,1809124,+44.8985769,-072.9214255
50,025,07900,01462049,5002507900,0600000US5002507900,Brattleboro,Brattleboro town,43,T1,G4040,A,83023847,1515018,+42.8601870,-072.6330776
50,025,18325,01462084,5002518325,0600000US5002518325,Dummerston,Dummerston town,43,T1,G4040,A,79502081,622704,+42.9225376,-072.5994269
50,025,40225,01462136,5002540225,0600000US5002540225,Londonderry,Londonderry town,43,T1,G4040,A,91862173,1302830,+43.2010680,-072.7985789
50,025,57700,01462181,5002557700,0600000US5002557700,Putney,Putney town,43,T1,G4040,A,69044547,180757,+42.9951916,-072.5298301
50,025,74800,01462234,5002574800,0600000US5002574800,Vernon,Vernon town,43,T1,G4040,A,50370905,1482157,+42.7641329,-072.5220862
50,003,63175,01462202,5000363175,0600000US5000363175,Searsburg,Searsburg town,43,T1,G4040,A,55124443,327248,+42.8902966,-072.9634911
50,011,33025,01462118,5001133025,0600000US5001133025,Highgate,Highgate town,43,T1,G4040,A,132156861,23396219,+44.9631977,-073.0598568
50,005,10450,01462059,5000510450,0600000US5000510450,Burke,Burke town,43,T1,G4040,A,86927866,354804,+44.6108633,-071.9309439
50,005,30550,01462110,5000530550,0600000US5000530550,Groton,Groton town,43,T1,G4040,A,139414527,3122663,+44.2324532,-072.2575155
50,005,31825,01462115,5000531825,0600000US5000531825,Hardwick,Hardwick town,43,T1,G4040,A,99107582,1023094,+44.5199318,-072.3481757
50,025,01900,01462028,5002501900,0600000US5002501900,Athens,Athens town,43,T1,G4040,A,36137937,197266,+43.1180022,-072.5870140
50,003,04825,01462039,5000304825,0600000US5000304825,Bennington,Bennington town,43,T1,G4040,A,108648450,653376,+42.8861543,-073.2126845
50,003,17725,01462082,5000317725,0600000US5000317725,Dorset,Dorset town,43,T1,G4040,A,122692452,334589,+43.2841535,-073.0320448
50,005,37900,01462130,5000537900,0600000US5000537900,Kirby,Kirby town,43,T1,G4040,A,63961519,128184,+44.5091721,-071.9206186
50,005,41725,01462140,5000541725,0600000US5000541725,Lyndon,Lyndon town,43,T1,G4040,A,101891984,918926,+44.5514589,-072.0128704
50,005,47725,01462157,5000547725,0600000US5000547725,Newark,Newark town,43,T1,G4040,A,95243417,1207165,+44.7353903,-071.9395229
50,005,54400,01462171,5000554400,0600000US5000554400,Peacham,Peacham town,43,T1,G4040,A,120906410,2676271,+44.3289270,-072.1998339
50,005,62200,01462199,5000562200,0600000US5000562200,St. Johnsbury,St. Johnsbury town,43,T1,G4040,A,94405066,913955,+44.4603024,-072.0049239
50,005,64075,01462205,5000564075,0600000US5000564075,Sheffield,Sheffield town,43,T1,G4040,A,84840734,666566,+44.6407389,-072.1108852
50,017,07600,01462047,5001707600,0600000US5001707600,Braintree,Braintree town,43,T1,G4040,A,99570810,275788,+43.9670716,-072.7086036
50,017,09325,01462054,5001709325,0600000US5001709325,Brookfield,Brookfield town,43,T1,G4040,A,105876670,921312,+44.0239083,-072.5878915
50,017,15700,01462075,5001715700,0600000US5001715700,Corinth,Corinth town,43,T1,G4040,A,124945252,284940,+44.0432245,-072.2823784
50,017,25675,01462095,5001725675,0600000US5001725675,Fairlee,Fairlee town,43,T1,G4040,A,51715954,2808176,+43.9179802,-072.1802125
50,017,53425,01462167,5001753425,0600000US5001753425,Orange,Orange town,43,T1,G4040,A,100199779,724441,+44.1665269,-072.3466139
50,017,58075,01462182,5001758075,0600000US5001758075,Randolph,Randolph town,43,T1,G4040,A,124240343,392024,+43.9216848,-072.6109151
50,017,70675,01462220,5001770675,0600000US5001770675,Strafford,Strafford town,43,T1,G4040,A,114179722,470499,+43.8749624,-072.3649353
50,017,72400,01462226,5001772400,0600000US5001772400,Thetford,Thetford town,43,T1,G4040,A,112800232,2081778,+43.8367087,-072.2494962
50,017,73075,01462228,5001773075,0600000US5001773075,Topsham,Topsham town,43,T1,G4040,A,126706618,239800,+44.1556571,-072.2459105
50,017,73675,01462231,5001773675,0600000US5001773675,Tunbridge,Tunbridge town,43,T1,G4040,A,115609011,394352,+43.9006022,-072.4853535
50,017,74950,01462235,5001774950,0600000US5001774950,Vershire,Vershire town,43,T1,G4040,A,93500027,133123,+43.9567647,-072.3265387
50,017,79975,01462249,5001779975,0600000US5001779975,West Fairlee,West Fairlee town,43,T1,G4040,A,58588748,560978,+43.9242822,-072.2209382
50,017,84175,01462262,5001784175,0600000US5001784175,Williamstown,Williamstown town,43,T1,G4040,A,104014501,519077,+44.1109048,-072.5415256
50,017,07375,01462046,5001707375,0600000US5001707375,Bradford,Bradford town,43,T1,G4040,A,76818599,578962,+44.0121764,-072.1582963
50,017,76750,01462243,5001776750,0600000US5001776750,Washington,Washington town,43,T1,G4040,A,100961054,144403,+44.0761653,-072.4226326